[{
  "_id": {
    "$oid": "61af1f8e31e9b5132d94e00d"
  },
  "address": "House no. 12, Block B, Reva City",
  "city": "Hoshangabad",
  "state": "Madhya Pradesh",
  "pincode": 461001,
  "create_at": "Tue Dec 07 2021 14:17:10 GMT+0530 (India Standard Time)",
  "customerId": {
    "$oid": "61ae03486c0db019cc97a626"
  },
  "__v": 0
},{
  "_id": {
    "$oid": "61af1f8e31e9b5132d94e00f"
  },
  "address": "House no. 16, Sai Fortune City",
  "city": "Itarsi",
  "state": "Madhya Pradesh",
  "pincode": 461111,
  "create_at": "Tue Dec 07 2021 14:17:10 GMT+0530 (India Standard Time)",
  "customerId": {
    "$oid": "61ae03486c0db019cc97a624"
  },
  "__v": 0
},{
  "_id": {
    "$oid": "61af1f8e31e9b5132d94e010"
  },
  "address": "House no. 34, Block D, Golden Hills",
  "city": "Indore",
  "state": "Madhya Pradesh",
  "pincode": 452001,
  "create_at": "Tue Dec 07 2021 14:17:10 GMT+0530 (India Standard Time)",
  "customerId": {
    "$oid": "61ae03486c0db019cc97a623"
  },
  "__v": 0
},{
  "_id": {
    "$oid": "61af1f8e31e9b5132d94e011"
  },
  "address": "House no. 5, Block A, Indus Town",
  "city": "Bhopal",
  "state": "Madhya Pradesh",
  "pincode": 462047,
  "create_at": "Tue Dec 07 2021 14:17:10 GMT+0530 (India Standard Time)",
  "customerId": {
    "$oid": "61ae03486c0db019cc97a625"
  },
  "__v": 0
},{
  "_id": {
    "$oid": "61bb7f6bc1ed0e9fa420d9a7"
  },
  "address": "RMS Colony, Malviya Ganj",
  "city": "Itarsi",
  "state": "MADHYA PRADESH",
  "pincode": 461102,
  "create_at": "Thu Dec 16 2021 23:33:00 GMT+0530 (India Standard Time)",
  "customerId": {
    "$oid": "61ae03486c0db019cc97a622"
  },
  "__v": 0
},{
  "_id": {
    "$oid": "61c00b807690e31b9585f8f2"
  },
  "address": "RMS Colony, Malviya Ganj",
  "city": "HOSHANGABAD",
  "state": "MP",
  "pincode": 461001,
  "create_at": "Mon Dec 20 2021 10:08:19 GMT+0530 (India Standard Time)",
  "customerId": {
    "$oid": "61c00b6e7690e31b9585f8ec"
  },
  "__v": 0
},{
  "_id": {
    "$oid": "61c1a3109696ad12cb6a18c5"
  },
  "address": "",
  "city": "",
  "state": "",
  "pincode": null,
  "create_at": "Tue Dec 21 2021 14:23:18 GMT+0530 (India Standard Time)",
  "customerId": {
    "$oid": "61c1a2e19696ad12cb6a18aa"
  },
  "__v": 0
}]