[{
  "_id": {
    "$oid": "61af4ebb8d44381a7aa8a562"
  },
  "customerId": {
    "$oid": "61ae03486c0db019cc97a625"
  },
  "packageId": {
    "$oid": "61ae096237801379af9d91a2"
  },
  "status": true,
  "create_at": "Tue Dec 07 2021 17:38:27 GMT+0530 (India Standard Time)",
  "__v": 0
},{
  "_id": {
    "$oid": "61af4ebb8d44381a7aa8a563"
  },
  "customerId": {
    "$oid": "61ae03486c0db019cc97a623"
  },
  "packageId": {
    "$oid": "61ae096237801379af9d91a3"
  },
  "status": true,
  "create_at": "Tue Dec 07 2021 17:38:27 GMT+0530 (India Standard Time)",
  "__v": 0
},{
  "_id": {
    "$oid": "61af4ebb8d44381a7aa8a564"
  },
  "customerId": {
    "$oid": "61ae03486c0db019cc97a622"
  },
  "packageId": {
    "$oid": "61ae096237801379af9d91a2"
  },
  "status": true,
  "create_at": "Tue Dec 07 2021 17:38:27 GMT+0530 (India Standard Time)",
  "__v": 0
},{
  "_id": {
    "$oid": "61af4ebb8d44381a7aa8a565"
  },
  "customerId": {
    "$oid": "61ae03486c0db019cc97a625"
  },
  "packageId": {
    "$oid": "61ae096237801379af9d91a2"
  },
  "status": false,
  "create_at": "Tue Dec 07 2021 17:38:27 GMT+0530 (India Standard Time)",
  "__v": 0
},{
  "_id": {
    "$oid": "61b73a9709235fc3ae1e54ff"
  },
  "customerId": {
    "$oid": "61ae03486c0db019cc97a626"
  },
  "packageId": {
    "$oid": "61ae096237801379af9d91a1"
  },
  "status": true,
  "create_at": "Mon Dec 13 2021 17:49:59 GMT+0530 (India Standard Time)",
  "__v": 0
},{
  "_id": {
    "$oid": "61b759d74c31221e39a7e6a3"
  },
  "customerId": {
    "$oid": "61ae03486c0db019cc97a622"
  },
  "packageId": {
    "$oid": "61ae096237801379af9d91a1"
  },
  "status": false,
  "create_at": "Mon Dec 13 2021 20:01:42 GMT+0530 (India Standard Time)",
  "__v": 0
},{
  "_id": {
    "$oid": "61c1aaa49696ad12cb6a1a01"
  },
  "customerId": {
    "$oid": "61c1a2e19696ad12cb6a18aa"
  },
  "packageId": {
    "$oid": "61ae096237801379af9d91a3"
  },
  "status": true,
  "create_at": "Tue Dec 21 2021 14:23:18 GMT+0530 (India Standard Time)",
  "__v": 0
}]