[{
  "_id": {
    "$oid": "61af69c52d49c435d7370d51"
  },
  "customerId": {
    "$oid": "61ae03486c0db019cc97a622"
  },
  "customerPackageId": {
    "$oid": "61ae096237801379af9d91a1"
  },
  "book_rented": [
    {
      "bookId": {
        "$oid": "61af4d5ce254e5d4a2e9fdf3"
      },
      "_id": {
        "$oid": "61af69c52d49c435d7370d52"
      }
    }
  ],
  "flag": "Returned",
  "create_at": "Tue Dec 07 2021 19:33:49 GMT+0530 (India Standard Time)",
  "__v": 0
},{
  "_id": {
    "$oid": "61af69c52d49c435d7370d53"
  },
  "customerId": {
    "$oid": "61ae03486c0db019cc97a625"
  },
  "customerPackageId": {
    "$oid": "61ae096237801379af9d91a2"
  },
  "book_rented": [
    {
      "bookId": {
        "$oid": "61af4d5ce254e5d4a2e9fdef"
      },
      "_id": {
        "$oid": "61af69c52d49c435d7370d54"
      }
    },
    {
      "bookId": {
        "$oid": "61af4d5ce254e5d4a2e9fdf3"
      },
      "_id": {
        "$oid": "61af69c52d49c435d7370d55"
      }
    }
  ],
  "flag": "Placed",
  "create_at": "Tue Dec 07 2021 19:33:49 GMT+0530 (India Standard Time)",
  "__v": 0
},{
  "_id": {
    "$oid": "61af69c52d49c435d7370d56"
  },
  "customerId": {
    "$oid": "61ae03486c0db019cc97a623"
  },
  "customerPackageId": {
    "$oid": "61ae096237801379af9d91a3"
  },
  "book_rented": [
    {
      "bookId": {
        "$oid": "61af4d5ce254e5d4a2e9fdef"
      },
      "_id": {
        "$oid": "61af69c52d49c435d7370d57"
      }
    }
  ],
  "flag": "Placed",
  "create_at": "Tue Dec 07 2021 19:33:49 GMT+0530 (India Standard Time)",
  "__v": 0
},{
  "_id": {
    "$oid": "61af69c52d49c435d7370d58"
  },
  "customerId": {
    "$oid": "61ae03486c0db019cc97a623"
  },
  "customerPackageId": {
    "$oid": "61ae096237801379af9d91a3"
  },
  "book_rented": [
    {
      "bookId": {
        "$oid": "61af4d5ce254e5d4a2e9fded"
      },
      "_id": {
        "$oid": "61af69c52d49c435d7370d59"
      }
    }
  ],
  "flag": "Placed",
  "create_at": "Tue Dec 07 2021 19:33:49 GMT+0530 (India Standard Time)",
  "__v": 0
},{
  "_id": {
    "$oid": "61af69c52d49c435d7370d5a"
  },
  "customerId": {
    "$oid": "61ae03486c0db019cc97a622"
  },
  "customerPackageId": {
    "$oid": "61ae096237801379af9d91a1"
  },
  "book_rented": [
    {
      "bookId": {
        "$oid": "61af4d5ce254e5d4a2e9fdf3"
      },
      "_id": {
        "$oid": "61af69c52d49c435d7370d5b"
      }
    }
  ],
  "flag": "Returned",
  "create_at": "Tue Dec 07 2021 19:33:49 GMT+0530 (India Standard Time)",
  "__v": 0
},{
  "_id": {
    "$oid": "61af69c52d49c435d7370d5c"
  },
  "customerId": {
    "$oid": "61ae03486c0db019cc97a622"
  },
  "customerPackageId": {
    "$oid": "61ae096237801379af9d91a2"
  },
  "book_rented": [
    {
      "bookId": {
        "$oid": "61af4d5ce254e5d4a2e9fdf1"
      },
      "_id": {
        "$oid": "61af69c52d49c435d7370d5d"
      }
    }
  ],
  "flag": "Returned",
  "create_at": "Tue Dec 07 2021 19:33:49 GMT+0530 (India Standard Time)",
  "__v": 0
},{
  "_id": {
    "$oid": "61b85f138612dc0f641ddd4b"
  },
  "customerId": {
    "$oid": "61ae03486c0db019cc97a622"
  },
  "customerPackageId": {
    "$oid": "61ae096237801379af9d91a1"
  },
  "book_rented": [
    {
      "bookId": {
        "$oid": "61af4d5ce254e5d4a2e9fdf3"
      },
      "_id": {
        "$oid": "61b85f138612dc0f641ddd4c"
      }
    }
  ],
  "flag": "Placed",
  "create_at": "Tue Dec 14 2021 14:37:59 GMT+0530 (India Standard Time)",
  "__v": 0
},{
  "_id": {
    "$oid": "61bb5b504fb15b0dcfc7834f"
  },
  "customerId": {
    "$oid": "61ae03486c0db019cc97a622"
  },
  "customerPackageId": {
    "$oid": "61ae096237801379af9d91a1"
  },
  "book_rented": [
    {
      "bookId": {
        "$oid": "61c0b77f40332c3f9f924d3f"
      },
      "_id": {
        "$oid": "61bb5b504fb15b0dcfc78350"
      }
    }
  ],
  "flag": "Placed",
  "create_at": "Thu Dec 16 2021 20:59:02 GMT+0530 (India Standard Time)",
  "__v": 0
},{
  "_id": {
    "$oid": "61c1e7bba0e9e7593bb5f28c"
  },
  "customerId": {
    "$oid": "61ae03486c0db019cc97a622"
  },
  "customerPackageId": {
    "$oid": "61ae096237801379af9d91a2"
  },
  "book_rented": [
    {
      "bookId": {
        "$oid": "61af4d5ce254e5d4a2e9fdf2"
      },
      "_id": {
        "$oid": "61c1e7bba0e9e7593bb5f28d"
      }
    },
    {
      "bookId": {
        "$oid": "61af4d5ce254e5d4a2e9fdec"
      },
      "_id": {
        "$oid": "61c1e7bba0e9e7593bb5f28e"
      }
    }
  ],
  "flag": "Returned",
  "create_at": "Tue Dec 21 2021 20:07:42 GMT+0530 (India Standard Time)",
  "__v": 0
},{
  "_id": {
    "$oid": "61c1ec91050e4b859d9defb2"
  },
  "customerId": {
    "$oid": "61ae03486c0db019cc97a622"
  },
  "customerPackageId": {
    "$oid": "61ae096237801379af9d91a2"
  },
  "book_rented": [
    {
      "bookId": {
        "$oid": "61c0b49640332c3f9f924d27"
      },
      "_id": {
        "$oid": "61c1ec91050e4b859d9defb3"
      }
    },
    {
      "bookId": {
        "$oid": "61c0b43240332c3f9f924d23"
      },
      "_id": {
        "$oid": "61c1ec91050e4b859d9defb4"
      }
    }
  ],
  "flag": "Returned",
  "create_at": "Tue Dec 21 2021 20:18:09 GMT+0530 (India Standard Time)",
  "__v": 0
}]