[{
  "_id": {
    "$oid": "61ae096237801379af9d91a1"
  },
  "package_name": "Silver",
  "max_book": 2,
  "price": 200,
  "validity": 7,
  "create_at": "Mon Dec 06 2021 18:30:18 GMT+0530 (India Standard Time)",
  "__v": 0
},{
  "_id": {
    "$oid": "61ae096237801379af9d91a2"
  },
  "package_name": "Gold",
  "max_book": 4,
  "price": 350,
  "validity": 15,
  "create_at": "Mon Dec 06 2021 18:30:18 GMT+0530 (India Standard Time)",
  "__v": 0
},{
  "_id": {
    "$oid": "61ae096237801379af9d91a3"
  },
  "package_name": "Platinum",
  "max_book": 7,
  "price": 500,
  "validity": 30,
  "create_at": "Mon Dec 06 2021 18:30:18 GMT+0530 (India Standard Time)",
  "__v": 0
}]