[{
  "_id": {
    "$oid": "61c1cbc850ecee8c40608df7"
  },
  "customerId": {
    "$oid": "61ae03486c0db019cc97a622"
  },
  "return_book_Id": [
    {
      "bookId": {
        "$oid": "61af4d5ce254e5d4a2e9fdf3"
      },
      "_id": {
        "$oid": "61c1cbc850ecee8c40608df8"
      }
    },
    {
      "bookId": {
        "$oid": "61af4d5ce254e5d4a2e9fdf1"
      },
      "_id": {
        "$oid": "61c1cbc850ecee8c40608df9"
      }
    }
  ],
  "return_order_Id": [
    {
      "orderId": {
        "$oid": "61af69c52d49c435d7370d5a"
      },
      "_id": {
        "$oid": "61c1cbc850ecee8c40608dfa"
      }
    },
    {
      "orderId": {
        "$oid": "61af69c52d49c435d7370d5c"
      },
      "_id": {
        "$oid": "61c1cbc850ecee8c40608dfb"
      }
    }
  ],
  "status": "Closed",
  "pickup_address": {
    "address": "RMS Colony, Malviya Ganj",
    "city": "Itarsi",
    "state": "MADHYA PRADESH",
    "pincode": 461102
  },
  "create_at": "Tue Dec 21 2021 18:12:25 GMT+0530 (India Standard Time)",
  "__v": 0
},{
  "_id": {
    "$oid": "61c1eaab050e4b859d9deef9"
  },
  "customerId": {
    "$oid": "61ae03486c0db019cc97a622"
  },
  "return_book_Id": [
    {
      "bookId": {
        "$oid": "61af4d5ce254e5d4a2e9fdf2"
      },
      "_id": {
        "$oid": "61c1eaab050e4b859d9deefa"
      }
    },
    {
      "bookId": {
        "$oid": "61af4d5ce254e5d4a2e9fdec"
      },
      "_id": {
        "$oid": "61c1eaab050e4b859d9deefb"
      }
    }
  ],
  "return_order_Id": [
    {
      "orderId": {
        "$oid": "61c1e7bba0e9e7593bb5f28c"
      },
      "_id": {
        "$oid": "61c1eaab050e4b859d9deefc"
      }
    },
    {
      "orderId": {
        "$oid": "61c1e7bba0e9e7593bb5f28c"
      },
      "_id": {
        "$oid": "61c1eaab050e4b859d9deefd"
      }
    }
  ],
  "status": "Closed",
  "pickup_address": {
    "address": "RMS Colony, Malviya Ganj",
    "city": "Itarsi",
    "state": "MADHYA PRADESH",
    "pincode": 461102
  },
  "create_at": "Tue Dec 21 2021 20:18:09 GMT+0530 (India Standard Time)",
  "__v": 0
},{
  "_id": {
    "$oid": "61c1ee0b050e4b859d9df034"
  },
  "customerId": {
    "$oid": "61ae03486c0db019cc97a622"
  },
  "return_book_Id": [
    {
      "bookId": {
        "$oid": "61c0b49640332c3f9f924d27"
      },
      "_id": {
        "$oid": "61c1ee0b050e4b859d9df035"
      }
    },
    {
      "bookId": {
        "$oid": "61c0b43240332c3f9f924d23"
      },
      "_id": {
        "$oid": "61c1ee0b050e4b859d9df036"
      }
    }
  ],
  "return_order_Id": [
    {
      "orderId": {
        "$oid": "61c1ec91050e4b859d9defb2"
      },
      "_id": {
        "$oid": "61c1ee0b050e4b859d9df037"
      }
    },
    {
      "orderId": {
        "$oid": "61c1ec91050e4b859d9defb2"
      },
      "_id": {
        "$oid": "61c1ee0b050e4b859d9df038"
      }
    }
  ],
  "status": "Closed",
  "pickup_address": {
    "address": "RMS Colony, Malviya Ganj",
    "city": "Itarsi",
    "state": "MADHYA PRADESH",
    "pincode": 461102
  },
  "create_at": "Tue Dec 21 2021 20:18:09 GMT+0530 (India Standard Time)",
  "__v": 0
}]